{
  "project_info": {
    "project_number": "697530316620",
    "firebase_url": "https://leavemanagement-9f26f.firebaseio.com",
    "project_id": "leavemanagement-9f26f",
    "storage_bucket": "leavemanagement-9f26f.appspot.com"
  },
  "client": [
    {
      "client_info": {
        "mobilesdk_app_id": "1:697530316620:android:0784c2274468d2ef",
        "android_client_info": {
          "package_name": "com.example.tanushree.leavemanagementsystemproject"
        }
      },
      "oauth_client": [
        {
          "client_id": "697530316620-t0r4janqbbeetmu60bmq15i8lin6v974.apps.googleusercontent.com",
          "client_type": 3
        }
      ],
      "api_key": [
        {
          "current_key": "AIzaSyB8wjv-N5iwgf6Y0J13Np8aOgVOPaes5_I"
        }
      ],
      "services": {
        "analytics_service": {
          "status": 1
        },
        "appinvite_service": {
          "status": 1,
          "other_platform_oauth_client": []
        },
        "ads_service": {
          "status": 2
        }
      }
    }
  ],
  "configuration_version": "1"
}